CostKey,Month Start Date,CampaignKey,ChannelKey,Cost Amount,Cost Type
1,2022-01-01,1,1,5540.32,Media
2,2022-01-01,1,1,2014.66,Agency
3,2022-01-01,1,1,1813.2,Staff
4,2022-01-01,1,1,705.13,Materials
5,2022-02-01,1,1,5364.19,Media
6,2022-02-01,1,1,1950.61,Agency
7,2022-02-01,1,1,1755.55,Staff
8,2022-02-01,1,1,682.71,Materials
9,2022-03-01,1,1,7969.45,Media
10,2022-03-01,1,1,2897.98,Agency
11,2022-03-01,1,1,2608.18,Staff
12,2022-03-01,1,1,1014.29,Materials
13,2022-04-01,1,1,7198.18,Media
14,2022-04-01,1,1,2617.52,Agency
15,2022-04-01,1,1,2355.77,Staff
16,2022-04-01,1,1,916.13,Materials
17,2022-05-01,1,1,8760.11,Media
18,2022-05-01,1,1,3185.49,Agency
19,2022-05-01,1,1,2866.94,Staff
20,2022-05-01,1,1,1114.92,Materials
21,2022-06-01,1,1,8437.35,Media
22,2022-06-01,1,1,3068.13,Agency
23,2022-06-01,1,1,2761.31,Staff
24,2022-06-01,1,1,1073.84,Materials
25,2022-07-01,1,1,6075.75,Media
26,2022-07-01,1,1,2209.36,Agency
27,2022-07-01,1,1,1988.43,Staff
28,2022-07-01,1,1,773.28,Materials
29,2022-08-01,1,1,7420.2,Media
30,2022-08-01,1,1,2698.25,Agency
31,2022-08-01,1,1,2428.43,Staff
32,2022-08-01,1,1,944.39,Materials
33,2022-09-01,1,1,9556.31,Media
34,2022-09-01,1,1,3475.02,Agency
35,2022-09-01,1,1,3127.52,Staff
36,2022-09-01,1,1,1216.26,Materials
37,2022-10-01,1,1,10589.85,Media
38,2022-10-01,1,1,3850.86,Agency
39,2022-10-01,1,1,3465.77,Staff
40,2022-10-01,1,1,1347.8,Materials
41,2022-11-01,1,1,9696.78,Media
42,2022-11-01,1,1,3526.1,Agency
43,2022-11-01,1,1,3173.49,Staff
44,2022-11-01,1,1,1234.14,Materials
45,2022-12-01,1,1,29463.42,Media
46,2022-12-01,1,1,10713.97,Agency
47,2022-12-01,1,1,9642.57,Staff
48,2022-12-01,1,1,3749.89,Materials
49,2023-01-01,10,1,6103.47,Media
50,2023-01-01,10,1,2219.44,Agency
51,2023-01-01,10,1,1997.5,Staff
52,2023-01-01,10,1,776.8,Materials
53,2023-02-01,10,1,6997.66,Media
54,2023-02-01,10,1,2544.6,Agency
55,2023-02-01,10,1,2290.14,Staff
56,2023-02-01,10,1,890.61,Materials
57,2023-03-01,10,1,7608.77,Media
58,2023-03-01,10,1,2766.83,Agency
59,2023-03-01,10,1,2490.14,Staff
60,2023-03-01,10,1,968.39,Materials
61,2023-04-01,10,1,8959.33,Media
62,2023-04-01,10,1,3257.94,Agency
63,2023-04-01,10,1,2932.14,Staff
64,2023-04-01,10,1,1140.28,Materials
65,2023-05-01,10,1,10075.35,Media
66,2023-05-01,10,1,3663.76,Agency
67,2023-05-01,10,1,3297.39,Staff
68,2023-05-01,10,1,1282.32,Materials
69,2023-06-01,10,1,6011.76,Media
70,2023-06-01,10,1,2186.1,Agency
71,2023-06-01,10,1,1967.49,Staff
72,2023-06-01,10,1,765.13,Materials
73,2023-07-01,10,1,5294.47,Media
74,2023-07-01,10,1,1925.26,Agency
75,2023-07-01,10,1,1732.74,Staff
76,2023-07-01,10,1,673.84,Materials
77,2023-08-01,10,1,8047.18,Media
78,2023-08-01,10,1,2926.25,Agency
79,2023-08-01,10,1,2633.62,Staff
80,2023-08-01,10,1,1024.19,Materials
81,2023-09-01,10,1,8698.7,Media
82,2023-09-01,10,1,3163.16,Agency
83,2023-09-01,10,1,2846.85,Staff
84,2023-09-01,10,1,1107.11,Materials
85,2023-10-01,10,1,10532.67,Media
86,2023-10-01,10,1,3830.06,Agency
87,2023-10-01,10,1,3447.06,Staff
88,2023-10-01,10,1,1340.52,Materials
89,2023-11-01,10,1,11479.68,Media
90,2023-11-01,10,1,4174.43,Agency
91,2023-11-01,10,1,3756.99,Staff
92,2023-11-01,10,1,1461.05,Materials
93,2023-12-01,10,1,35222.33,Media
94,2023-12-01,10,1,12808.12,Agency
95,2023-12-01,10,1,11527.31,Staff
96,2023-12-01,10,1,4482.84,Materials
97,2024-01-01,19,1,6013.79,Media
98,2024-01-01,19,1,2186.83,Agency
99,2024-01-01,19,1,1968.15,Staff
100,2024-01-01,19,1,765.39,Materials
101,2024-02-01,19,1,6882.57,Media
102,2024-02-01,19,1,2502.75,Agency
103,2024-02-01,19,1,2252.48,Staff
104,2024-02-01,19,1,875.96,Materials
105,2024-03-01,19,1,7381.96,Media
106,2024-03-01,19,1,2684.35,Agency
107,2024-03-01,19,1,2415.91,Staff
108,2024-03-01,19,1,939.52,Materials
109,2024-04-01,19,1,7454.19,Media
110,2024-04-01,19,1,2710.62,Agency
111,2024-04-01,19,1,2439.55,Staff
112,2024-04-01,19,1,948.72,Materials
113,2024-05-01,19,1,6964.46,Media
114,2024-05-01,19,1,2532.53,Agency
115,2024-05-01,19,1,2279.28,Staff
116,2024-05-01,19,1,886.39,Materials
117,2024-06-01,19,1,6267.82,Media
118,2024-06-01,19,1,2279.21,Agency
119,2024-06-01,19,1,2051.29,Staff
120,2024-06-01,19,1,797.72,Materials
121,2024-07-01,19,1,4544.27,Media
122,2024-07-01,19,1,1652.46,Agency
123,2024-07-01,19,1,1487.22,Staff
124,2024-07-01,19,1,578.36,Materials
125,2024-08-01,19,1,6132.78,Media
126,2024-08-01,19,1,2230.1,Agency
127,2024-08-01,19,1,2007.09,Staff
128,2024-08-01,19,1,780.54,Materials
129,2024-09-01,19,1,8904.73,Media
130,2024-09-01,19,1,3238.08,Agency
131,2024-09-01,19,1,2914.28,Staff
132,2024-09-01,19,1,1133.33,Materials
133,2024-10-01,19,1,8809.93,Media
134,2024-10-01,19,1,3203.61,Agency
135,2024-10-01,19,1,2883.25,Staff
136,2024-10-01,19,1,1121.26,Materials
137,2024-11-01,19,1,12337.33,Media
138,2024-11-01,19,1,4486.3,Agency
139,2024-11-01,19,1,4037.67,Staff
140,2024-11-01,19,1,1570.21,Materials
141,2024-12-01,19,1,29164.93,Media
142,2024-12-01,19,1,10605.43,Agency
143,2024-12-01,19,1,9544.89,Staff
144,2024-12-01,19,1,3711.9,Materials
145,2025-01-01,28,1,5761.79,Media
146,2025-01-01,28,1,2095.2,Agency
147,2025-01-01,28,1,1885.68,Staff
148,2025-01-01,28,1,733.32,Materials
149,2025-02-01,28,1,6733.38,Media
150,2025-02-01,28,1,2448.5,Agency
151,2025-02-01,28,1,2203.65,Staff
152,2025-02-01,28,1,856.98,Materials
153,2025-03-01,28,1,7384.64,Media
154,2025-03-01,28,1,2685.33,Agency
155,2025-03-01,28,1,2416.79,Staff
156,2025-03-01,28,1,939.86,Materials
157,2025-04-01,28,1,9792.4,Media
158,2025-04-01,28,1,3560.87,Agency
159,2025-04-01,28,1,3204.78,Staff
160,2025-04-01,28,1,1246.31,Materials
161,2025-05-01,28,1,9774.07,Media
162,2025-05-01,28,1,3554.21,Agency
163,2025-05-01,28,1,3198.79,Staff
164,2025-05-01,28,1,1243.97,Materials
165,2025-06-01,28,1,6474.72,Media
166,2025-06-01,28,1,2354.44,Agency
167,2025-06-01,28,1,2119.0,Staff
168,2025-06-01,28,1,824.06,Materials
169,2025-07-01,28,1,5938.42,Media
170,2025-07-01,28,1,2159.43,Agency
171,2025-07-01,28,1,1943.48,Staff
172,2025-07-01,28,1,755.8,Materials
173,2025-08-01,28,1,7200.26,Media
174,2025-08-01,28,1,2618.28,Agency
175,2025-08-01,28,1,2356.45,Staff
176,2025-08-01,28,1,916.4,Materials
177,2025-09-01,28,1,8578.18,Media
178,2025-09-01,28,1,3119.34,Agency
179,2025-09-01,28,1,2807.4,Staff
180,2025-09-01,28,1,1091.77,Materials
181,2025-10-01,28,1,11092.03,Media
182,2025-10-01,28,1,4033.46,Agency
183,2025-10-01,28,1,3630.12,Staff
184,2025-10-01,28,1,1411.71,Materials
185,2025-11-01,28,1,8863.34,Media
186,2025-11-01,28,1,3223.03,Agency
187,2025-11-01,28,1,2900.73,Staff
188,2025-11-01,28,1,1128.06,Materials
189,2025-12-01,28,1,28516.87,Media
190,2025-12-01,28,1,10369.77,Agency
191,2025-12-01,28,1,9332.79,Staff
192,2025-12-01,28,1,3629.42,Materials
193,2022-01-01,2,2,2196.21,Media
194,2022-01-01,2,2,798.62,Agency
195,2022-01-01,2,2,718.76,Staff
196,2022-01-01,2,2,279.52,Materials
197,2022-02-01,2,2,2037.25,Media
198,2022-02-01,2,2,740.82,Agency
199,2022-02-01,2,2,666.74,Staff
200,2022-02-01,2,2,259.29,Materials
201,2022-03-01,2,2,2481.77,Media
202,2022-03-01,2,2,902.46,Agency
203,2022-03-01,2,2,812.22,Staff
204,2022-03-01,2,2,315.86,Materials
205,2022-04-01,2,2,2138.31,Media
206,2022-04-01,2,2,777.57,Agency
207,2022-04-01,2,2,699.81,Staff
208,2022-04-01,2,2,272.15,Materials
209,2022-05-01,2,2,2603.61,Media
210,2022-05-01,2,2,946.77,Agency
211,2022-05-01,2,2,852.09,Staff
212,2022-05-01,2,2,331.37,Materials
213,2022-06-01,2,2,1873.27,Media
214,2022-06-01,2,2,681.19,Agency
215,2022-06-01,2,2,613.07,Staff
216,2022-06-01,2,2,238.42,Materials
217,2022-07-01,2,2,1477.54,Media
218,2022-07-01,2,2,537.29,Agency
219,2022-07-01,2,2,483.56,Staff
220,2022-07-01,2,2,188.05,Materials
221,2022-08-01,2,2,2320.48,Media
222,2022-08-01,2,2,843.81,Agency
223,2022-08-01,2,2,759.43,Staff
224,2022-08-01,2,2,295.33,Materials
225,2022-09-01,2,2,3555.85,Media
226,2022-09-01,2,2,1293.04,Agency
227,2022-09-01,2,2,1163.73,Staff
228,2022-09-01,2,2,452.56,Materials
229,2022-10-01,2,2,3065.01,Media
230,2022-10-01,2,2,1114.55,Agency
231,2022-10-01,2,2,1003.09,Staff
232,2022-10-01,2,2,390.09,Materials
233,2022-11-01,2,2,3347.66,Media
234,2022-11-01,2,2,1217.33,Agency
235,2022-11-01,2,2,1095.6,Staff
236,2022-11-01,2,2,426.07,Materials
237,2022-12-01,2,2,9189.36,Media
238,2022-12-01,2,2,3341.59,Agency
239,2022-12-01,2,2,3007.43,Staff
240,2022-12-01,2,2,1169.55,Materials
241,2023-01-01,11,2,1731.82,Media
242,2023-01-01,11,2,629.75,Agency
243,2023-01-01,11,2,566.78,Staff
244,2023-01-01,11,2,220.41,Materials
245,2023-02-01,11,2,1719.86,Media
246,2023-02-01,11,2,625.4,Agency
247,2023-02-01,11,2,562.86,Staff
248,2023-02-01,11,2,218.89,Materials
249,2023-03-01,11,2,2785.94,Media
250,2023-03-01,11,2,1013.07,Agency
251,2023-03-01,11,2,911.76,Staff
252,2023-03-01,11,2,354.57,Materials
253,2023-04-01,11,2,2867.85,Media
254,2023-04-01,11,2,1042.86,Agency
255,2023-04-01,11,2,938.57,Staff
256,2023-04-01,11,2,365.0,Materials
257,2023-05-01,11,2,1967.89,Media
258,2023-05-01,11,2,715.6,Agency
259,2023-05-01,11,2,644.04,Staff
260,2023-05-01,11,2,250.46,Materials
261,2023-06-01,11,2,2173.36,Media
262,2023-06-01,11,2,790.31,Agency
263,2023-06-01,11,2,711.28,Staff
264,2023-06-01,11,2,276.61,Materials
265,2023-07-01,11,2,1433.1,Media
266,2023-07-01,11,2,521.13,Agency
267,2023-07-01,11,2,469.01,Staff
268,2023-07-01,11,2,182.39,Materials
269,2023-08-01,11,2,2027.7,Media
270,2023-08-01,11,2,737.34,Agency
271,2023-08-01,11,2,663.61,Staff
272,2023-08-01,11,2,258.07,Materials
273,2023-09-01,11,2,3147.34,Media
274,2023-09-01,11,2,1144.49,Agency
275,2023-09-01,11,2,1030.04,Staff
276,2023-09-01,11,2,400.57,Materials
277,2023-10-01,11,2,3261.68,Media
278,2023-10-01,11,2,1186.07,Agency
279,2023-10-01,11,2,1067.46,Staff
280,2023-10-01,11,2,415.12,Materials
281,2023-11-01,11,2,3380.24,Media
282,2023-11-01,11,2,1229.18,Agency
283,2023-11-01,11,2,1106.26,Staff
284,2023-11-01,11,2,430.21,Materials
285,2023-12-01,11,2,9446.31,Media
286,2023-12-01,11,2,3435.02,Agency
287,2023-12-01,11,2,3091.52,Staff
288,2023-12-01,11,2,1202.26,Materials
289,2024-01-01,20,2,1430.82,Media
290,2024-01-01,20,2,520.3,Agency
291,2024-01-01,20,2,468.27,Staff
292,2024-01-01,20,2,182.1,Materials
293,2024-02-01,20,2,1906.8,Media
294,2024-02-01,20,2,693.38,Agency
295,2024-02-01,20,2,624.04,Staff
296,2024-02-01,20,2,242.68,Materials
297,2024-03-01,20,2,3068.97,Media
298,2024-03-01,20,2,1115.99,Agency
299,2024-03-01,20,2,1004.39,Staff
300,2024-03-01,20,2,390.6,Materials
301,2024-04-01,20,2,2744.84,Media
302,2024-04-01,20,2,998.12,Agency
303,2024-04-01,20,2,898.31,Staff
304,2024-04-01,20,2,349.34,Materials
305,2024-05-01,20,2,2104.67,Media
306,2024-05-01,20,2,765.34,Agency
307,2024-05-01,20,2,688.8,Staff
308,2024-05-01,20,2,267.87,Materials
309,2024-06-01,20,2,1398.41,Media
310,2024-06-01,20,2,508.51,Agency
311,2024-06-01,20,2,457.66,Staff
312,2024-06-01,20,2,177.98,Materials
313,2024-07-01,20,2,2169.69,Media
314,2024-07-01,20,2,788.98,Agency
315,2024-07-01,20,2,710.08,Staff
316,2024-07-01,20,2,276.14,Materials
317,2024-08-01,20,2,1745.37,Media
318,2024-08-01,20,2,634.68,Agency
319,2024-08-01,20,2,571.21,Staff
320,2024-08-01,20,2,222.14,Materials
321,2024-09-01,20,2,1708.23,Media
322,2024-09-01,20,2,621.17,Agency
323,2024-09-01,20,2,559.06,Staff
324,2024-09-01,20,2,217.41,Materials
325,2024-10-01,20,2,3742.0,Media
326,2024-10-01,20,2,1360.73,Agency
327,2024-10-01,20,2,1224.65,Staff
328,2024-10-01,20,2,476.25,Materials
329,2024-11-01,20,2,2838.7,Media
330,2024-11-01,20,2,1032.25,Agency
331,2024-11-01,20,2,929.03,Staff
332,2024-11-01,20,2,361.29,Materials
333,2024-12-01,20,2,9390.15,Media
334,2024-12-01,20,2,3414.6,Agency
335,2024-12-01,20,2,3073.14,Staff
336,2024-12-01,20,2,1195.11,Materials
337,2025-01-01,29,2,1907.17,Media
338,2025-01-01,29,2,693.52,Agency
339,2025-01-01,29,2,624.16,Staff
340,2025-01-01,29,2,242.73,Materials
341,2025-02-01,29,2,1756.51,Media
342,2025-02-01,29,2,638.73,Agency
343,2025-02-01,29,2,574.86,Staff
344,2025-02-01,29,2,223.56,Materials
345,2025-03-01,29,2,3107.85,Media
346,2025-03-01,29,2,1130.13,Agency
347,2025-03-01,29,2,1017.11,Staff
348,2025-03-01,29,2,395.54,Materials
349,2025-04-01,29,2,2697.44,Media
350,2025-04-01,29,2,980.89,Agency
351,2025-04-01,29,2,882.8,Staff
352,2025-04-01,29,2,343.31,Materials
353,2025-05-01,29,2,2523.77,Media
354,2025-05-01,29,2,917.73,Agency
355,2025-05-01,29,2,825.96,Staff
356,2025-05-01,29,2,321.21,Materials
357,2025-06-01,29,2,1737.36,Media
358,2025-06-01,29,2,631.77,Agency
359,2025-06-01,29,2,568.59,Staff
360,2025-06-01,29,2,221.12,Materials
361,2025-07-01,29,2,1521.07,Media
362,2025-07-01,29,2,553.11,Agency
363,2025-07-01,29,2,497.8,Staff
364,2025-07-01,29,2,193.59,Materials
365,2025-08-01,29,2,1969.98,Media
366,2025-08-01,29,2,716.36,Agency
367,2025-08-01,29,2,644.72,Staff
368,2025-08-01,29,2,250.73,Materials
369,2025-09-01,29,2,2367.38,Media
370,2025-09-01,29,2,860.86,Agency
371,2025-09-01,29,2,774.78,Staff
372,2025-09-01,29,2,301.3,Materials
373,2025-10-01,29,2,3057.21,Media
374,2025-10-01,29,2,1111.71,Agency
375,2025-10-01,29,2,1000.54,Staff
376,2025-10-01,29,2,389.1,Materials
377,2025-11-01,29,2,2958.09,Media
378,2025-11-01,29,2,1075.67,Agency
379,2025-11-01,29,2,968.1,Staff
380,2025-11-01,29,2,376.48,Materials
381,2025-12-01,29,2,6158.01,Media
382,2025-12-01,29,2,2239.28,Agency
383,2025-12-01,29,2,2015.35,Staff
384,2025-12-01,29,2,783.75,Materials
385,2022-01-01,3,3,96.45,Media
386,2022-01-01,3,3,35.07,Agency
387,2022-01-01,3,3,31.56,Staff
388,2022-01-01,3,3,12.28,Materials
389,2022-02-01,3,3,117.74,Media
390,2022-02-01,3,3,42.82,Agency
391,2022-02-01,3,3,38.53,Staff
392,2022-02-01,3,3,14.99,Materials
393,2022-03-01,3,3,139.76,Media
394,2022-03-01,3,3,50.82,Agency
395,2022-03-01,3,3,45.74,Staff
396,2022-03-01,3,3,17.79,Materials
397,2022-04-01,3,3,132.69,Media
398,2022-04-01,3,3,48.25,Agency
399,2022-04-01,3,3,43.43,Staff
400,2022-04-01,3,3,16.89,Materials
401,2022-05-01,3,3,122.59,Media
402,2022-05-01,3,3,44.58,Agency
403,2022-05-01,3,3,40.12,Staff
404,2022-05-01,3,3,15.6,Materials
405,2022-06-01,3,3,138.91,Media
406,2022-06-01,3,3,50.51,Agency
407,2022-06-01,3,3,45.46,Staff
408,2022-06-01,3,3,17.68,Materials
409,2022-07-01,3,3,107.88,Media
410,2022-07-01,3,3,39.23,Agency
411,2022-07-01,3,3,35.31,Staff
412,2022-07-01,3,3,13.73,Materials
413,2022-08-01,3,3,131.03,Media
414,2022-08-01,3,3,47.65,Agency
415,2022-08-01,3,3,42.88,Staff
416,2022-08-01,3,3,16.68,Materials
417,2022-09-01,3,3,114.42,Media
418,2022-09-01,3,3,41.61,Agency
419,2022-09-01,3,3,37.45,Staff
420,2022-09-01,3,3,14.56,Materials
421,2022-10-01,3,3,202.45,Media
422,2022-10-01,3,3,73.62,Agency
423,2022-10-01,3,3,66.26,Staff
424,2022-10-01,3,3,25.77,Materials
425,2022-11-01,3,3,168.07,Media
426,2022-11-01,3,3,61.12,Agency
427,2022-11-01,3,3,55.0,Staff
428,2022-11-01,3,3,21.39,Materials
429,2022-12-01,3,3,544.82,Media
430,2022-12-01,3,3,198.12,Agency
431,2022-12-01,3,3,178.31,Staff
432,2022-12-01,3,3,69.34,Materials
433,2023-01-01,12,3,104.02,Media
434,2023-01-01,12,3,37.83,Agency
435,2023-01-01,12,3,34.04,Staff
436,2023-01-01,12,3,13.24,Materials
437,2023-02-01,12,3,74.94,Media
438,2023-02-01,12,3,27.25,Agency
439,2023-02-01,12,3,24.53,Staff
440,2023-02-01,12,3,9.54,Materials
441,2023-03-01,12,3,201.42,Media
442,2023-03-01,12,3,73.24,Agency
443,2023-03-01,12,3,65.92,Staff
444,2023-03-01,12,3,25.64,Materials
445,2023-04-01,12,3,117.94,Media
446,2023-04-01,12,3,42.89,Agency
447,2023-04-01,12,3,38.6,Staff
448,2023-04-01,12,3,15.01,Materials
449,2023-05-01,12,3,172.52,Media
450,2023-05-01,12,3,62.74,Agency
451,2023-05-01,12,3,56.46,Staff
452,2023-05-01,12,3,21.96,Materials
453,2023-06-01,12,3,96.21,Media
454,2023-06-01,12,3,34.99,Agency
455,2023-06-01,12,3,31.49,Staff
456,2023-06-01,12,3,12.24,Materials
457,2023-07-01,12,3,103.15,Media
458,2023-07-01,12,3,37.51,Agency
459,2023-07-01,12,3,33.76,Staff
460,2023-07-01,12,3,13.13,Materials
461,2023-08-01,12,3,111.04,Media
462,2023-08-01,12,3,40.38,Agency
463,2023-08-01,12,3,36.34,Staff
464,2023-08-01,12,3,14.13,Materials
465,2023-09-01,12,3,114.57,Media
466,2023-09-01,12,3,41.66,Agency
467,2023-09-01,12,3,37.49,Staff
468,2023-09-01,12,3,14.58,Materials
469,2023-10-01,12,3,161.55,Media
470,2023-10-01,12,3,58.75,Agency
471,2023-10-01,12,3,52.87,Staff
472,2023-10-01,12,3,20.56,Materials
473,2023-11-01,12,3,170.76,Media
474,2023-11-01,12,3,62.1,Agency
475,2023-11-01,12,3,55.89,Staff
476,2023-11-01,12,3,21.73,Materials
477,2023-12-01,12,3,466.43,Media
478,2023-12-01,12,3,169.61,Agency
479,2023-12-01,12,3,152.65,Staff
480,2023-12-01,12,3,59.36,Materials
481,2024-01-01,21,3,73.65,Media
482,2024-01-01,21,3,26.78,Agency
483,2024-01-01,21,3,24.1,Staff
484,2024-01-01,21,3,9.37,Materials
485,2024-02-01,21,3,99.11,Media
486,2024-02-01,21,3,36.04,Agency
487,2024-02-01,21,3,32.44,Staff
488,2024-02-01,21,3,12.61,Materials
489,2024-03-01,21,3,149.59,Media
490,2024-03-01,21,3,54.4,Agency
491,2024-03-01,21,3,48.96,Staff
492,2024-03-01,21,3,19.04,Materials
493,2024-04-01,21,3,132.52,Media
494,2024-04-01,21,3,48.19,Agency
495,2024-04-01,21,3,43.37,Staff
496,2024-04-01,21,3,16.87,Materials
497,2024-05-01,21,3,209.9,Media
498,2024-05-01,21,3,76.33,Agency
499,2024-05-01,21,3,68.69,Staff
500,2024-05-01,21,3,26.71,Materials
501,2024-06-01,21,3,77.12,Media
502,2024-06-01,21,3,28.05,Agency
503,2024-06-01,21,3,25.24,Staff
504,2024-06-01,21,3,9.82,Materials
505,2024-07-01,21,3,74.03,Media
506,2024-07-01,21,3,26.92,Agency
507,2024-07-01,21,3,24.23,Staff
508,2024-07-01,21,3,9.42,Materials
509,2024-08-01,21,3,112.76,Media
510,2024-08-01,21,3,41.0,Agency
511,2024-08-01,21,3,36.9,Staff
512,2024-08-01,21,3,14.35,Materials
513,2024-09-01,21,3,180.46,Media
514,2024-09-01,21,3,65.62,Agency
515,2024-09-01,21,3,59.06,Staff
516,2024-09-01,21,3,22.97,Materials
517,2024-10-01,21,3,262.38,Media
518,2024-10-01,21,3,95.41,Agency
519,2024-10-01,21,3,85.87,Staff
520,2024-10-01,21,3,33.39,Materials
521,2024-11-01,21,3,235.1,Media
522,2024-11-01,21,3,85.49,Agency
523,2024-11-01,21,3,76.94,Staff
524,2024-11-01,21,3,29.92,Materials
525,2024-12-01,21,3,463.79,Media
526,2024-12-01,21,3,168.65,Agency
527,2024-12-01,21,3,151.78,Staff
528,2024-12-01,21,3,59.03,Materials
529,2025-01-01,30,3,101.76,Media
530,2025-01-01,30,3,37.0,Agency
531,2025-01-01,30,3,33.3,Staff
532,2025-01-01,30,3,12.95,Materials
533,2025-02-01,30,3,162.99,Media
534,2025-02-01,30,3,59.27,Agency
535,2025-02-01,30,3,53.34,Staff
536,2025-02-01,30,3,20.74,Materials
537,2025-03-01,30,3,101.84,Media
538,2025-03-01,30,3,37.03,Agency
539,2025-03-01,30,3,33.33,Staff
540,2025-03-01,30,3,12.96,Materials
541,2025-04-01,30,3,160.06,Media
542,2025-04-01,30,3,58.2,Agency
543,2025-04-01,30,3,52.38,Staff
544,2025-04-01,30,3,20.37,Materials
545,2025-05-01,30,3,175.34,Media
546,2025-05-01,30,3,63.76,Agency
547,2025-05-01,30,3,57.38,Staff
548,2025-05-01,30,3,22.32,Materials
549,2025-06-01,30,3,120.18,Media
550,2025-06-01,30,3,43.7,Agency
551,2025-06-01,30,3,39.33,Staff
552,2025-06-01,30,3,15.3,Materials
553,2025-07-01,30,3,99.58,Media
554,2025-07-01,30,3,36.21,Agency
555,2025-07-01,30,3,32.59,Staff
556,2025-07-01,30,3,12.67,Materials
557,2025-08-01,30,3,118.89,Media
558,2025-08-01,30,3,43.23,Agency
559,2025-08-01,30,3,38.91,Staff
560,2025-08-01,30,3,15.13,Materials
561,2025-09-01,30,3,125.7,Media
562,2025-09-01,30,3,45.71,Agency
563,2025-09-01,30,3,41.14,Staff
564,2025-09-01,30,3,16.0,Materials
565,2025-10-01,30,3,223.79,Media
566,2025-10-01,30,3,81.38,Agency
567,2025-10-01,30,3,73.24,Staff
568,2025-10-01,30,3,28.48,Materials
569,2025-11-01,30,3,105.16,Media
570,2025-11-01,30,3,38.24,Agency
571,2025-11-01,30,3,34.42,Staff
572,2025-11-01,30,3,13.38,Materials
573,2025-12-01,30,3,521.38,Media
574,2025-12-01,30,3,189.59,Agency
575,2025-12-01,30,3,170.63,Staff
576,2025-12-01,30,3,66.36,Materials
577,2022-01-01,4,4,1401.28,Media
578,2022-01-01,4,4,509.56,Agency
579,2022-01-01,4,4,458.6,Staff
580,2022-01-01,4,4,178.35,Materials
581,2022-02-01,4,4,1107.12,Media
582,2022-02-01,4,4,402.59,Agency
583,2022-02-01,4,4,362.33,Staff
584,2022-02-01,4,4,140.91,Materials
585,2022-03-01,4,4,1994.97,Media
586,2022-03-01,4,4,725.44,Agency
587,2022-03-01,4,4,652.9,Staff
588,2022-03-01,4,4,253.91,Materials
589,2022-04-01,4,4,1604.36,Media
590,2022-04-01,4,4,583.4,Agency
591,2022-04-01,4,4,525.06,Staff
592,2022-04-01,4,4,204.19,Materials
593,2022-05-01,4,4,1872.73,Media
594,2022-05-01,4,4,680.99,Agency
595,2022-05-01,4,4,612.89,Staff
596,2022-05-01,4,4,238.35,Materials
597,2022-06-01,4,4,1576.08,Media
598,2022-06-01,4,4,573.12,Agency
599,2022-06-01,4,4,515.81,Staff
600,2022-06-01,4,4,200.59,Materials
601,2022-07-01,4,4,1315.3,Media
602,2022-07-01,4,4,478.29,Agency
603,2022-07-01,4,4,430.46,Staff
604,2022-07-01,4,4,167.4,Materials
605,2022-08-01,4,4,1486.97,Media
606,2022-08-01,4,4,540.72,Agency
607,2022-08-01,4,4,486.64,Staff
608,2022-08-01,4,4,189.25,Materials
609,2022-09-01,4,4,1885.05,Media
610,2022-09-01,4,4,685.47,Agency
611,2022-09-01,4,4,616.93,Staff
612,2022-09-01,4,4,239.92,Materials
613,2022-10-01,4,4,1689.34,Media
614,2022-10-01,4,4,614.31,Agency
615,2022-10-01,4,4,552.88,Staff
616,2022-10-01,4,4,215.01,Materials
617,2022-11-01,4,4,2435.17,Media
618,2022-11-01,4,4,885.52,Agency
619,2022-11-01,4,4,796.96,Staff
620,2022-11-01,4,4,309.93,Materials
621,2022-12-01,4,4,6678.66,Media
622,2022-12-01,4,4,2428.6,Agency
623,2022-12-01,4,4,2185.74,Staff
624,2022-12-01,4,4,850.01,Materials
625,2023-01-01,13,4,1473.96,Media
626,2023-01-01,13,4,535.98,Agency
627,2023-01-01,13,4,482.39,Staff
628,2023-01-01,13,4,187.59,Materials
629,2023-02-01,13,4,760.74,Media
630,2023-02-01,13,4,276.63,Agency
631,2023-02-01,13,4,248.97,Staff
632,2023-02-01,13,4,96.82,Materials
633,2023-03-01,13,4,1529.02,Media
634,2023-03-01,13,4,556.01,Agency
635,2023-03-01,13,4,500.41,Staff
636,2023-03-01,13,4,194.6,Materials
637,2023-04-01,13,4,1406.5,Media
638,2023-04-01,13,4,511.46,Agency
639,2023-04-01,13,4,460.31,Staff
640,2023-04-01,13,4,179.01,Materials
641,2023-05-01,13,4,1450.39,Media
642,2023-05-01,13,4,527.41,Agency
643,2023-05-01,13,4,474.67,Staff
644,2023-05-01,13,4,184.59,Materials
645,2023-06-01,13,4,1633.8,Media
646,2023-06-01,13,4,594.11,Agency
647,2023-06-01,13,4,534.7,Staff
648,2023-06-01,13,4,207.94,Materials
649,2023-07-01,13,4,664.33,Media
650,2023-07-01,13,4,241.58,Agency
651,2023-07-01,13,4,217.42,Staff
652,2023-07-01,13,4,84.55,Materials
653,2023-08-01,13,4,1436.31,Media
654,2023-08-01,13,4,522.29,Agency
655,2023-08-01,13,4,470.06,Staff
656,2023-08-01,13,4,182.8,Materials
657,2023-09-01,13,4,2108.53,Media
658,2023-09-01,13,4,766.74,Agency
659,2023-09-01,13,4,690.06,Staff
660,2023-09-01,13,4,268.36,Materials
661,2023-10-01,13,4,2323.03,Media
662,2023-10-01,13,4,844.74,Agency
663,2023-10-01,13,4,760.27,Staff
664,2023-10-01,13,4,295.66,Materials
665,2023-11-01,13,4,2608.16,Media
666,2023-11-01,13,4,948.42,Agency
667,2023-11-01,13,4,853.58,Staff
668,2023-11-01,13,4,331.95,Materials
669,2023-12-01,13,4,7102.97,Media
670,2023-12-01,13,4,2582.9,Agency
671,2023-12-01,13,4,2324.61,Staff
672,2023-12-01,13,4,904.01,Materials
673,2024-01-01,22,4,813.97,Media
674,2024-01-01,22,4,295.99,Agency
675,2024-01-01,22,4,266.39,Staff
676,2024-01-01,22,4,103.6,Materials
677,2024-02-01,22,4,1178.38,Media
678,2024-02-01,22,4,428.5,Agency
679,2024-02-01,22,4,385.65,Staff
680,2024-02-01,22,4,149.98,Materials
681,2024-03-01,22,4,1653.84,Media
682,2024-03-01,22,4,601.4,Agency
683,2024-03-01,22,4,541.26,Staff
684,2024-03-01,22,4,210.49,Materials
685,2024-04-01,22,4,1622.42,Media
686,2024-04-01,22,4,589.97,Agency
687,2024-04-01,22,4,530.97,Staff
688,2024-04-01,22,4,206.49,Materials
689,2024-05-01,22,4,1583.38,Media
690,2024-05-01,22,4,575.78,Agency
691,2024-05-01,22,4,518.2,Staff
692,2024-05-01,22,4,201.52,Materials
693,2024-06-01,22,4,1596.15,Media
694,2024-06-01,22,4,580.42,Agency
695,2024-06-01,22,4,522.38,Staff
696,2024-06-01,22,4,203.15,Materials
697,2024-07-01,22,4,574.65,Media
698,2024-07-01,22,4,208.97,Agency
699,2024-07-01,22,4,188.07,Staff
700,2024-07-01,22,4,73.14,Materials
701,2024-08-01,22,4,1152.1,Media
702,2024-08-01,22,4,418.94,Agency
703,2024-08-01,22,4,377.05,Staff
704,2024-08-01,22,4,146.63,Materials
705,2024-09-01,22,4,1801.34,Media
706,2024-09-01,22,4,655.03,Agency
707,2024-09-01,22,4,589.53,Staff
708,2024-09-01,22,4,229.26,Materials
709,2024-10-01,22,4,1904.22,Media
710,2024-10-01,22,4,692.44,Agency
711,2024-10-01,22,4,623.2,Staff
712,2024-10-01,22,4,242.36,Materials
713,2024-11-01,22,4,3196.48,Media
714,2024-11-01,22,4,1162.35,Agency
715,2024-11-01,22,4,1046.12,Staff
716,2024-11-01,22,4,406.82,Materials
717,2024-12-01,22,4,6150.96,Media
718,2024-12-01,22,4,2236.71,Agency
719,2024-12-01,22,4,2013.04,Staff
720,2024-12-01,22,4,782.85,Materials
721,2025-01-01,31,4,1493.89,Media
722,2025-01-01,31,4,543.23,Agency
723,2025-01-01,31,4,488.91,Staff
724,2025-01-01,31,4,190.13,Materials
725,2025-02-01,31,4,1377.17,Media
726,2025-02-01,31,4,500.79,Agency
727,2025-02-01,31,4,450.71,Staff
728,2025-02-01,31,4,175.28,Materials
729,2025-03-01,31,4,1351.09,Media
730,2025-03-01,31,4,491.31,Agency
731,2025-03-01,31,4,442.17,Staff
732,2025-03-01,31,4,171.96,Materials
733,2025-04-01,31,4,1580.48,Media
734,2025-04-01,31,4,574.72,Agency
735,2025-04-01,31,4,517.25,Staff
736,2025-04-01,31,4,201.15,Materials
737,2025-05-01,31,4,1794.88,Media
738,2025-05-01,31,4,652.69,Agency
739,2025-05-01,31,4,587.42,Staff
740,2025-05-01,31,4,228.44,Materials
741,2025-06-01,31,4,1381.73,Media
742,2025-06-01,31,4,502.45,Agency
743,2025-06-01,31,4,452.2,Staff
744,2025-06-01,31,4,175.86,Materials
745,2025-07-01,31,4,1027.77,Media
746,2025-07-01,31,4,373.74,Agency
747,2025-07-01,31,4,336.36,Staff
748,2025-07-01,31,4,130.81,Materials
749,2025-08-01,31,4,1831.2,Media
750,2025-08-01,31,4,665.89,Agency
751,2025-08-01,31,4,599.3,Staff
752,2025-08-01,31,4,233.06,Materials
753,2025-09-01,31,4,1485.06,Media
754,2025-09-01,31,4,540.02,Agency
755,2025-09-01,31,4,486.02,Staff
756,2025-09-01,31,4,189.01,Materials
757,2025-10-01,31,4,1112.01,Media
758,2025-10-01,31,4,404.37,Agency
759,2025-10-01,31,4,363.93,Staff
760,2025-10-01,31,4,141.53,Materials
761,2025-11-01,31,4,2467.05,Media
762,2025-11-01,31,4,897.11,Agency
763,2025-11-01,31,4,807.4,Staff
764,2025-11-01,31,4,313.99,Materials
765,2025-12-01,31,4,5894.02,Media
766,2025-12-01,31,4,2143.28,Agency
767,2025-12-01,31,4,1928.95,Staff
768,2025-12-01,31,4,750.15,Materials
769,2022-01-01,5,5,696.22,Media
770,2022-01-01,5,5,253.17,Agency
771,2022-01-01,5,5,227.85,Staff
772,2022-01-01,5,5,88.61,Materials
773,2022-02-01,5,5,638.88,Media
774,2022-02-01,5,5,232.32,Agency
775,2022-02-01,5,5,209.09,Staff
776,2022-02-01,5,5,81.31,Materials
777,2022-03-01,5,5,599.74,Media
778,2022-03-01,5,5,218.09,Agency
779,2022-03-01,5,5,196.28,Staff
780,2022-03-01,5,5,76.33,Materials
781,2022-04-01,5,5,595.0,Media
782,2022-04-01,5,5,216.36,Agency
783,2022-04-01,5,5,194.73,Staff
784,2022-04-01,5,5,75.73,Materials
785,2022-05-01,5,5,558.25,Media
786,2022-05-01,5,5,203.0,Agency
787,2022-05-01,5,5,182.7,Staff
788,2022-05-01,5,5,71.05,Materials
789,2022-06-01,5,5,519.28,Media
790,2022-06-01,5,5,188.83,Agency
791,2022-06-01,5,5,169.94,Staff
792,2022-06-01,5,5,66.09,Materials
793,2022-07-01,5,5,190.14,Media
794,2022-07-01,5,5,69.14,Agency
795,2022-07-01,5,5,62.23,Staff
796,2022-07-01,5,5,24.2,Materials
797,2022-08-01,5,5,447.99,Media
798,2022-08-01,5,5,162.91,Agency
799,2022-08-01,5,5,146.62,Staff
800,2022-08-01,5,5,57.02,Materials
801,2022-09-01,5,5,400.55,Media
802,2022-09-01,5,5,145.65,Agency
803,2022-09-01,5,5,131.09,Staff
804,2022-09-01,5,5,50.98,Materials
805,2022-10-01,5,5,617.62,Media
806,2022-10-01,5,5,224.59,Agency
807,2022-10-01,5,5,202.13,Staff
808,2022-10-01,5,5,78.61,Materials
809,2022-11-01,5,5,1128.37,Media
810,2022-11-01,5,5,410.32,Agency
811,2022-11-01,5,5,369.29,Staff
812,2022-11-01,5,5,143.61,Materials
813,2022-12-01,5,5,1821.1,Media
814,2022-12-01,5,5,662.22,Agency
815,2022-12-01,5,5,596.0,Staff
816,2022-12-01,5,5,231.78,Materials
817,2023-01-01,14,5,360.04,Media
818,2023-01-01,14,5,130.92,Agency
819,2023-01-01,14,5,117.83,Staff
820,2023-01-01,14,5,45.82,Materials
821,2023-02-01,14,5,570.69,Media
822,2023-02-01,14,5,207.52,Agency
823,2023-02-01,14,5,186.77,Staff
824,2023-02-01,14,5,72.63,Materials
825,2023-03-01,14,5,480.06,Media
826,2023-03-01,14,5,174.57,Agency
827,2023-03-01,14,5,157.11,Staff
828,2023-03-01,14,5,61.1,Materials
829,2023-04-01,14,5,547.58,Media
830,2023-04-01,14,5,199.12,Agency
831,2023-04-01,14,5,179.21,Staff
832,2023-04-01,14,5,69.69,Materials
833,2023-05-01,14,5,259.7,Media
834,2023-05-01,14,5,94.44,Agency
835,2023-05-01,14,5,84.99,Staff
836,2023-05-01,14,5,33.05,Materials
837,2023-06-01,14,5,354.53,Media
838,2023-06-01,14,5,128.92,Agency
839,2023-06-01,14,5,116.03,Staff
840,2023-06-01,14,5,45.12,Materials
841,2023-07-01,14,5,273.42,Media
842,2023-07-01,14,5,99.43,Agency
843,2023-07-01,14,5,89.48,Staff
844,2023-07-01,14,5,34.8,Materials
845,2023-08-01,14,5,502.78,Media
846,2023-08-01,14,5,182.83,Agency
847,2023-08-01,14,5,164.55,Staff
848,2023-08-01,14,5,63.99,Materials
849,2023-09-01,14,5,586.28,Media
850,2023-09-01,14,5,213.19,Agency
851,2023-09-01,14,5,191.87,Staff
852,2023-09-01,14,5,74.62,Materials
853,2023-10-01,14,5,503.92,Media
854,2023-10-01,14,5,183.24,Agency
855,2023-10-01,14,5,164.92,Staff
856,2023-10-01,14,5,64.14,Materials
857,2023-11-01,14,5,719.64,Media
858,2023-11-01,14,5,261.69,Agency
859,2023-11-01,14,5,235.52,Staff
860,2023-11-01,14,5,91.59,Materials
861,2023-12-01,14,5,2095.94,Media
862,2023-12-01,14,5,762.16,Agency
863,2023-12-01,14,5,685.94,Staff
864,2023-12-01,14,5,266.76,Materials
865,2024-01-01,23,5,362.11,Media
866,2024-01-01,23,5,131.68,Agency
867,2024-01-01,23,5,118.51,Staff
868,2024-01-01,23,5,46.09,Materials
869,2024-02-01,23,5,384.69,Media
870,2024-02-01,23,5,139.89,Agency
871,2024-02-01,23,5,125.9,Staff
872,2024-02-01,23,5,48.96,Materials
873,2024-03-01,23,5,673.23,Media
874,2024-03-01,23,5,244.81,Agency
875,2024-03-01,23,5,220.33,Staff
876,2024-03-01,23,5,85.68,Materials
877,2024-04-01,23,5,725.19,Media
878,2024-04-01,23,5,263.71,Agency
879,2024-04-01,23,5,237.34,Staff
880,2024-04-01,23,5,92.3,Materials
881,2024-05-01,23,5,561.23,Media
882,2024-05-01,23,5,204.08,Agency
883,2024-05-01,23,5,183.67,Staff
884,2024-05-01,23,5,71.43,Materials
885,2024-06-01,23,5,657.72,Media
886,2024-06-01,23,5,239.17,Agency
887,2024-06-01,23,5,215.25,Staff
888,2024-06-01,23,5,83.71,Materials
889,2024-07-01,23,5,521.37,Media
890,2024-07-01,23,5,189.59,Agency
891,2024-07-01,23,5,170.63,Staff
892,2024-07-01,23,5,66.36,Materials
893,2024-08-01,23,5,608.08,Media
894,2024-08-01,23,5,221.12,Agency
895,2024-08-01,23,5,199.01,Staff
896,2024-08-01,23,5,77.39,Materials
897,2024-09-01,23,5,910.36,Media
898,2024-09-01,23,5,331.04,Agency
899,2024-09-01,23,5,297.94,Staff
900,2024-09-01,23,5,115.86,Materials
901,2024-10-01,23,5,853.25,Media
902,2024-10-01,23,5,310.27,Agency
903,2024-10-01,23,5,279.25,Staff
904,2024-10-01,23,5,108.6,Materials
905,2024-11-01,23,5,899.31,Media
906,2024-11-01,23,5,327.02,Agency
907,2024-11-01,23,5,294.32,Staff
908,2024-11-01,23,5,114.46,Materials
909,2024-12-01,23,5,2876.66,Media
910,2024-12-01,23,5,1046.06,Agency
911,2024-12-01,23,5,941.45,Staff
912,2024-12-01,23,5,366.12,Materials
913,2025-01-01,32,5,771.18,Media
914,2025-01-01,32,5,280.43,Agency
915,2025-01-01,32,5,252.39,Staff
916,2025-01-01,32,5,98.15,Materials
917,2025-02-01,32,5,613.1,Media
918,2025-02-01,32,5,222.95,Agency
919,2025-02-01,32,5,200.65,Staff
920,2025-02-01,32,5,78.03,Materials
921,2025-03-01,32,5,621.77,Media
922,2025-03-01,32,5,226.1,Agency
923,2025-03-01,32,5,203.49,Staff
924,2025-03-01,32,5,79.13,Materials
925,2025-04-01,32,5,709.39,Media
926,2025-04-01,32,5,257.96,Agency
927,2025-04-01,32,5,232.17,Staff
928,2025-04-01,32,5,90.29,Materials
929,2025-05-01,32,5,663.35,Media
930,2025-05-01,32,5,241.22,Agency
931,2025-05-01,32,5,217.1,Staff
932,2025-05-01,32,5,84.43,Materials
933,2025-06-01,32,5,395.24,Media
934,2025-06-01,32,5,143.72,Agency
935,2025-06-01,32,5,129.35,Staff
936,2025-06-01,32,5,50.3,Materials
937,2025-07-01,32,5,474.69,Media
938,2025-07-01,32,5,172.61,Agency
939,2025-07-01,32,5,155.35,Staff
940,2025-07-01,32,5,60.41,Materials
941,2025-08-01,32,5,940.65,Media
942,2025-08-01,32,5,342.05,Agency
943,2025-08-01,32,5,307.85,Staff
944,2025-08-01,32,5,119.72,Materials
945,2025-09-01,32,5,603.89,Media
946,2025-09-01,32,5,219.6,Agency
947,2025-09-01,32,5,197.64,Staff
948,2025-09-01,32,5,76.86,Materials
949,2025-10-01,32,5,968.91,Media
950,2025-10-01,32,5,352.33,Agency
951,2025-10-01,32,5,317.1,Staff
952,2025-10-01,32,5,123.32,Materials
953,2025-11-01,32,5,1155.16,Media
954,2025-11-01,32,5,420.06,Agency
955,2025-11-01,32,5,378.05,Staff
956,2025-11-01,32,5,147.02,Materials
957,2025-12-01,32,5,2515.73,Media
958,2025-12-01,32,5,914.81,Agency
959,2025-12-01,32,5,823.33,Staff
960,2025-12-01,32,5,320.18,Materials
961,2022-01-01,6,6,484.63,Media
962,2022-01-01,6,6,176.23,Agency
963,2022-01-01,6,6,158.61,Staff
964,2022-01-01,6,6,61.68,Materials
965,2022-02-01,6,6,388.52,Media
966,2022-02-01,6,6,141.28,Agency
967,2022-02-01,6,6,127.15,Staff
968,2022-02-01,6,6,49.45,Materials
969,2022-03-01,6,6,321.05,Media
970,2022-03-01,6,6,116.75,Agency
971,2022-03-01,6,6,105.07,Staff
972,2022-03-01,6,6,40.86,Materials
973,2022-04-01,6,6,406.94,Media
974,2022-04-01,6,6,147.98,Agency
975,2022-04-01,6,6,133.18,Staff
976,2022-04-01,6,6,51.79,Materials
977,2022-05-01,6,6,407.56,Media
978,2022-05-01,6,6,148.21,Agency
979,2022-05-01,6,6,133.38,Staff
980,2022-05-01,6,6,51.87,Materials
981,2022-06-01,6,6,249.87,Media
982,2022-06-01,6,6,90.86,Agency
983,2022-06-01,6,6,81.77,Staff
984,2022-06-01,6,6,31.8,Materials
985,2022-07-01,6,6,170.97,Media
986,2022-07-01,6,6,62.17,Agency
987,2022-07-01,6,6,55.95,Staff
988,2022-07-01,6,6,21.76,Materials
989,2022-08-01,6,6,358.6,Media
990,2022-08-01,6,6,130.4,Agency
991,2022-08-01,6,6,117.36,Staff
992,2022-08-01,6,6,45.64,Materials
993,2022-09-01,6,6,303.65,Media
994,2022-09-01,6,6,110.42,Agency
995,2022-09-01,6,6,99.38,Staff
996,2022-09-01,6,6,38.65,Materials
997,2022-10-01,6,6,362.35,Media
998,2022-10-01,6,6,131.77,Agency
999,2022-10-01,6,6,118.59,Staff
1000,2022-10-01,6,6,46.12,Materials
1001,2022-11-01,6,6,453.7,Media
1002,2022-11-01,6,6,164.98,Agency
1003,2022-11-01,6,6,148.48,Staff
1004,2022-11-01,6,6,57.74,Materials
1005,2022-12-01,6,6,1804.71,Media
1006,2022-12-01,6,6,656.26,Agency
1007,2022-12-01,6,6,590.63,Staff
1008,2022-12-01,6,6,229.69,Materials
1009,2023-01-01,15,6,316.12,Media
1010,2023-01-01,15,6,114.95,Agency
1011,2023-01-01,15,6,103.46,Staff
1012,2023-01-01,15,6,40.23,Materials
1013,2023-02-01,15,6,127.16,Media
1014,2023-02-01,15,6,46.24,Agency
1015,2023-02-01,15,6,41.62,Staff
1016,2023-02-01,15,6,16.18,Materials
1017,2023-03-01,15,6,442.31,Media
1018,2023-03-01,15,6,160.84,Agency
1019,2023-03-01,15,6,144.76,Staff
1020,2023-03-01,15,6,56.29,Materials
1021,2023-04-01,15,6,131.78,Media
1022,2023-04-01,15,6,47.92,Agency
1023,2023-04-01,15,6,43.13,Staff
1024,2023-04-01,15,6,16.77,Materials
1025,2023-05-01,15,6,458.34,Media
1026,2023-05-01,15,6,166.67,Agency
1027,2023-05-01,15,6,150.0,Staff
1028,2023-05-01,15,6,58.33,Materials
1029,2023-06-01,15,6,316.31,Media
1030,2023-06-01,15,6,115.02,Agency
1031,2023-06-01,15,6,103.52,Staff
1032,2023-06-01,15,6,40.26,Materials
1033,2023-07-01,15,6,31.2,Media
1034,2023-07-01,15,6,11.34,Agency
1035,2023-07-01,15,6,10.21,Staff
1036,2023-07-01,15,6,3.97,Materials
1037,2023-08-01,15,6,276.45,Media
1038,2023-08-01,15,6,100.53,Agency
1039,2023-08-01,15,6,90.47,Staff
1040,2023-08-01,15,6,35.18,Materials
1041,2023-09-01,15,6,507.43,Media
1042,2023-09-01,15,6,184.52,Agency
1043,2023-09-01,15,6,166.07,Staff
1044,2023-09-01,15,6,64.58,Materials
1045,2023-10-01,15,6,459.32,Media
1046,2023-10-01,15,6,167.02,Agency
1047,2023-10-01,15,6,150.32,Staff
1048,2023-10-01,15,6,58.46,Materials
1049,2023-11-01,15,6,483.53,Media
1050,2023-11-01,15,6,175.83,Agency
1051,2023-11-01,15,6,158.24,Staff
1052,2023-11-01,15,6,61.54,Materials
1053,2023-12-01,15,6,1304.13,Media
1054,2023-12-01,15,6,474.23,Agency
1055,2023-12-01,15,6,426.81,Staff
1056,2023-12-01,15,6,165.98,Materials
1057,2024-01-01,24,6,184.06,Media
1058,2024-01-01,24,6,66.93,Agency
1059,2024-01-01,24,6,60.24,Staff
1060,2024-01-01,24,6,23.43,Materials
1061,2024-02-01,24,6,472.24,Media
1062,2024-02-01,24,6,171.72,Agency
1063,2024-02-01,24,6,154.55,Staff
1064,2024-02-01,24,6,60.1,Materials
1065,2024-03-01,24,6,305.09,Media
1066,2024-03-01,24,6,110.94,Agency
1067,2024-03-01,24,6,99.85,Staff
1068,2024-03-01,24,6,38.83,Materials
1069,2024-04-01,24,6,563.19,Media
1070,2024-04-01,24,6,204.8,Agency
1071,2024-04-01,24,6,184.32,Staff
1072,2024-04-01,24,6,71.68,Materials
1073,2024-05-01,24,6,332.94,Media
1074,2024-05-01,24,6,121.07,Agency
1075,2024-05-01,24,6,108.96,Staff
1076,2024-05-01,24,6,42.37,Materials
1077,2024-06-01,24,6,247.51,Media
1078,2024-06-01,24,6,90.0,Agency
1079,2024-06-01,24,6,81.0,Staff
1080,2024-06-01,24,6,31.5,Materials
1081,2024-07-01,24,6,65.26,Media
1082,2024-07-01,24,6,23.73,Agency
1083,2024-07-01,24,6,21.36,Staff
1084,2024-07-01,24,6,8.31,Materials
1085,2024-08-01,24,6,190.45,Media
1086,2024-08-01,24,6,69.25,Agency
1087,2024-08-01,24,6,62.33,Staff
1088,2024-08-01,24,6,24.24,Materials
1089,2024-09-01,24,6,587.05,Media
1090,2024-09-01,24,6,213.47,Agency
1091,2024-09-01,24,6,192.12,Staff
1092,2024-09-01,24,6,74.72,Materials
1093,2024-10-01,24,6,525.95,Media
1094,2024-10-01,24,6,191.25,Agency
1095,2024-10-01,24,6,172.13,Staff
1096,2024-10-01,24,6,66.94,Materials
1097,2024-11-01,24,6,257.14,Media
1098,2024-11-01,24,6,93.51,Agency
1099,2024-11-01,24,6,84.16,Staff
1100,2024-11-01,24,6,32.73,Materials
1101,2024-12-01,24,6,1708.43,Media
1102,2024-12-01,24,6,621.25,Agency
1103,2024-12-01,24,6,559.12,Staff
1104,2024-12-01,24,6,217.44,Materials
1105,2025-01-01,33,6,432.76,Media
1106,2025-01-01,33,6,157.37,Agency
1107,2025-01-01,33,6,141.63,Staff
1108,2025-01-01,33,6,55.08,Materials
1109,2025-02-01,33,6,99.79,Media
1110,2025-02-01,33,6,36.29,Agency
1111,2025-02-01,33,6,32.66,Staff
1112,2025-02-01,33,6,12.7,Materials
1113,2025-03-01,33,6,493.14,Media
1114,2025-03-01,33,6,179.32,Agency
1115,2025-03-01,33,6,161.39,Staff
1116,2025-03-01,33,6,62.76,Materials
1117,2025-04-01,33,6,360.1,Media
1118,2025-04-01,33,6,130.94,Agency
1119,2025-04-01,33,6,117.85,Staff
1120,2025-04-01,33,6,45.83,Materials
1121,2025-05-01,33,6,352.74,Media
1122,2025-05-01,33,6,128.27,Agency
1123,2025-05-01,33,6,115.44,Staff
1124,2025-05-01,33,6,44.89,Materials
1125,2025-06-01,33,6,249.53,Media
1126,2025-06-01,33,6,90.74,Agency
1127,2025-06-01,33,6,81.67,Staff
1128,2025-06-01,33,6,31.76,Materials
1129,2025-07-01,33,6,299.24,Media
1130,2025-07-01,33,6,108.81,Agency
1131,2025-07-01,33,6,97.93,Staff
1132,2025-07-01,33,6,38.08,Materials
1133,2025-08-01,33,6,235.91,Media
1134,2025-08-01,33,6,85.79,Agency
1135,2025-08-01,33,6,77.21,Staff
1136,2025-08-01,33,6,30.02,Materials
1137,2025-09-01,33,6,191.87,Media
1138,2025-09-01,33,6,69.77,Agency
1139,2025-09-01,33,6,62.79,Staff
1140,2025-09-01,33,6,24.42,Materials
1141,2025-10-01,33,6,513.63,Media
1142,2025-10-01,33,6,186.77,Agency
1143,2025-10-01,33,6,168.1,Staff
1144,2025-10-01,33,6,65.37,Materials
1145,2025-11-01,33,6,349.83,Media
1146,2025-11-01,33,6,127.21,Agency
1147,2025-11-01,33,6,114.49,Staff
1148,2025-11-01,33,6,44.52,Materials
1149,2025-12-01,33,6,1425.33,Media
1150,2025-12-01,33,6,518.3,Agency
1151,2025-12-01,33,6,466.47,Staff
1152,2025-12-01,33,6,181.41,Materials
1153,2022-01-01,7,7,993.13,Media
1154,2022-01-01,7,7,361.14,Agency
1155,2022-01-01,7,7,325.03,Staff
1156,2022-01-01,7,7,126.4,Materials
1157,2022-02-01,7,7,2301.13,Media
1158,2022-02-01,7,7,836.78,Agency
1159,2022-02-01,7,7,753.1,Staff
1160,2022-02-01,7,7,292.87,Materials
1161,2022-03-01,7,7,3909.02,Media
1162,2022-03-01,7,7,1421.46,Agency
1163,2022-03-01,7,7,1279.32,Staff
1164,2022-03-01,7,7,497.51,Materials
1165,2022-04-01,7,7,2042.99,Media
1166,2022-04-01,7,7,742.9,Agency
1167,2022-04-01,7,7,668.61,Staff
1168,2022-04-01,7,7,260.02,Materials
1169,2022-05-01,7,7,4300.71,Media
1170,2022-05-01,7,7,1563.89,Agency
1171,2022-05-01,7,7,1407.5,Staff
1172,2022-05-01,7,7,547.36,Materials
1173,2022-06-01,7,7,4295.73,Media
1174,2022-06-01,7,7,1562.08,Agency
1175,2022-06-01,7,7,1405.87,Staff
1176,2022-06-01,7,7,546.73,Materials
1177,2022-07-01,7,7,3128.63,Media
1178,2022-07-01,7,7,1137.68,Agency
1179,2022-07-01,7,7,1023.92,Staff
1180,2022-07-01,7,7,398.19,Materials
1181,2022-08-01,7,7,4738.16,Media
1182,2022-08-01,7,7,1722.97,Agency
1183,2022-08-01,7,7,1550.67,Staff
1184,2022-08-01,7,7,603.04,Materials
1185,2022-09-01,7,7,1237.4,Media
1186,2022-09-01,7,7,449.96,Agency
1187,2022-09-01,7,7,404.97,Staff
1188,2022-09-01,7,7,157.49,Materials
1189,2022-10-01,7,7,2440.31,Media
1190,2022-10-01,7,7,887.39,Agency
1191,2022-10-01,7,7,798.65,Staff
1192,2022-10-01,7,7,310.58,Materials
1193,2022-11-01,7,7,2288.34,Media
1194,2022-11-01,7,7,832.12,Agency
1195,2022-11-01,7,7,748.91,Staff
1196,2022-11-01,7,7,291.24,Materials
1197,2022-12-01,7,7,6782.04,Media
1198,2022-12-01,7,7,2466.2,Agency
1199,2022-12-01,7,7,2219.58,Staff
1200,2022-12-01,7,7,863.17,Materials
1201,2023-01-01,16,7,4649.14,Media
1202,2023-01-01,16,7,1690.6,Agency
1203,2023-01-01,16,7,1521.54,Staff
1204,2023-01-01,16,7,591.71,Materials
1205,2023-02-01,16,7,1030.42,Media
1206,2023-02-01,16,7,374.7,Agency
1207,2023-02-01,16,7,337.23,Staff
1208,2023-02-01,16,7,131.14,Materials
1209,2023-03-01,16,7,3288.09,Media
1210,2023-03-01,16,7,1195.67,Agency
1211,2023-03-01,16,7,1076.1,Staff
1212,2023-03-01,16,7,418.48,Materials
1213,2023-05-01,16,7,2048.64,Media
1214,2023-05-01,16,7,744.96,Agency
1215,2023-05-01,16,7,670.46,Staff
1216,2023-05-01,16,7,260.74,Materials
1217,2023-06-01,16,7,3196.32,Media
1218,2023-06-01,16,7,1162.3,Agency
1219,2023-06-01,16,7,1046.07,Staff
1220,2023-06-01,16,7,406.8,Materials
1221,2023-10-01,16,7,2168.51,Media
1222,2023-10-01,16,7,788.55,Agency
1223,2023-10-01,16,7,709.69,Staff
1224,2023-10-01,16,7,275.99,Materials
1225,2023-11-01,16,7,4160.42,Media
1226,2023-11-01,16,7,1512.88,Agency
1227,2023-11-01,16,7,1361.59,Staff
1228,2023-11-01,16,7,529.51,Materials
1229,2023-12-01,16,7,6091.87,Media
1230,2023-12-01,16,7,2215.22,Agency
1231,2023-12-01,16,7,1993.7,Staff
1232,2023-12-01,16,7,775.33,Materials
1233,2024-02-01,25,7,2046.96,Media
1234,2024-02-01,25,7,744.35,Agency
1235,2024-02-01,25,7,669.92,Staff
1236,2024-02-01,25,7,260.52,Materials
1237,2024-03-01,25,7,4093.79,Media
1238,2024-03-01,25,7,1488.65,Agency
1239,2024-03-01,25,7,1339.79,Staff
1240,2024-03-01,25,7,521.03,Materials
1241,2024-04-01,25,7,1085.18,Media
1242,2024-04-01,25,7,394.61,Agency
1243,2024-04-01,25,7,355.15,Staff
1244,2024-04-01,25,7,138.11,Materials
1245,2024-05-01,25,7,2185.42,Media
1246,2024-05-01,25,7,794.7,Agency
1247,2024-05-01,25,7,715.23,Staff
1248,2024-05-01,25,7,278.14,Materials
1249,2024-06-01,25,7,1996.87,Media
1250,2024-06-01,25,7,726.13,Agency
1251,2024-06-01,25,7,653.52,Staff
1252,2024-06-01,25,7,254.15,Materials
1253,2024-08-01,25,7,2363.85,Media
1254,2024-08-01,25,7,859.58,Agency
1255,2024-08-01,25,7,773.62,Staff
1256,2024-08-01,25,7,300.85,Materials
1257,2024-09-01,25,7,2149.41,Media
1258,2024-09-01,25,7,781.6,Agency
1259,2024-09-01,25,7,703.44,Staff
1260,2024-09-01,25,7,273.56,Materials
1261,2024-10-01,25,7,4266.07,Media
1262,2024-10-01,25,7,1551.3,Agency
1263,2024-10-01,25,7,1396.17,Staff
1264,2024-10-01,25,7,542.95,Materials
1265,2024-11-01,25,7,2220.38,Media
1266,2024-11-01,25,7,807.41,Agency
1267,2024-11-01,25,7,726.67,Staff
1268,2024-11-01,25,7,282.59,Materials
1269,2024-12-01,25,7,6504.71,Media
1270,2024-12-01,25,7,2365.35,Agency
1271,2024-12-01,25,7,2128.81,Staff
1272,2024-12-01,25,7,827.87,Materials
1273,2025-01-01,34,7,2313.94,Media
1274,2025-01-01,34,7,841.43,Agency
1275,2025-01-01,34,7,757.29,Staff
1276,2025-01-01,34,7,294.5,Materials
1277,2025-02-01,34,7,4394.38,Media
1278,2025-02-01,34,7,1597.95,Agency
1279,2025-02-01,34,7,1438.16,Staff
1280,2025-02-01,34,7,559.28,Materials
1281,2025-03-01,34,7,2926.58,Media
1282,2025-03-01,34,7,1064.21,Agency
1283,2025-03-01,34,7,957.79,Staff
1284,2025-03-01,34,7,372.47,Materials
1285,2025-04-01,34,7,1900.86,Media
1286,2025-04-01,34,7,691.22,Agency
1287,2025-04-01,34,7,622.1,Staff
1288,2025-04-01,34,7,241.93,Materials
1289,2025-05-01,34,7,1176.88,Media
1290,2025-05-01,34,7,427.96,Agency
1291,2025-05-01,34,7,385.16,Staff
1292,2025-05-01,34,7,149.79,Materials
1293,2025-06-01,34,7,3226.4,Media
1294,2025-06-01,34,7,1173.23,Agency
1295,2025-06-01,34,7,1055.91,Staff
1296,2025-06-01,34,7,410.63,Materials
1297,2025-08-01,34,7,4130.06,Media
1298,2025-08-01,34,7,1501.84,Agency
1299,2025-08-01,34,7,1351.66,Staff
1300,2025-08-01,34,7,525.64,Materials
1301,2025-09-01,34,7,3469.86,Media
1302,2025-09-01,34,7,1261.77,Agency
1303,2025-09-01,34,7,1135.59,Staff
1304,2025-09-01,34,7,441.62,Materials
1305,2025-11-01,34,7,5308.97,Media
1306,2025-11-01,34,7,1930.53,Agency
1307,2025-11-01,34,7,1737.48,Staff
1308,2025-11-01,34,7,675.69,Materials
1309,2025-12-01,34,7,10825.15,Media
1310,2025-12-01,34,7,3936.42,Agency
1311,2025-12-01,34,7,3542.78,Staff
1312,2025-12-01,34,7,1377.75,Materials
